Date,Open,High,Low,Close,Shares Traded,Turnover (â‚¹ Cr),Daily_Return,Volatility20,MA20,MA50,MA200,Month,Return_Bin,Daily Profit,Total Return,Max Daily Gain %,Max Daily Loss %
18-11-2024,23605.3,23606.8,23350.4,23453.8,263311912,25257.33,,,23453.8,23453.8,23453.8,2024-11,,1%,10%,26104.2,21743.65
19-11-2024,23529.55,23780.65,23464.8,23518.5,297477279,30486.78,0.275861481,,23486.15,23486.15,23486.15,2024-11,"(-0.0656, 0.288]",0%,10%,26104.2,21743.65
21-11-2024,23488.45,23507.3,23263.15,23349.9,420332354,40900.89,-0.716882454,,23440.73333,23440.73333,23440.73333,2024-11,"(-0.772, -0.419]",1%,10%,26104.2,21743.65
22-11-2024,23411.8,23956.1,23359,23907.25,367562789,39257.52,2.386948124,,23557.3625,23557.3625,23557.3625,2024-11,"(2.053, 2.406]",-2%,10%,26104.2,21743.65
25-11-2024,24253.55,24351.55,24135.45,24221.9,687172787,85975.81,1.316127953,,23690.27,23690.27,23690.27,2024-11,"(0.994, 1.347]",0%,10%,26104.2,21743.65
26-11-2024,24343.3,24343.3,24125.4,24194.5,230691771,24140.67,-0.113120771,,23774.30833,23774.30833,23774.30833,2024-11,"(-0.419, -0.0656]",1%,10%,26104.2,21743.65
27-11-2024,24204.8,24354.55,24145.65,24274.9,295011445,31149.09,0.332306929,,23845.82143,23845.82143,23845.82143,2024-11,"(0.288, 0.641]",0%,10%,26104.2,21743.65
28-11-2024,24274.15,24345.75,23873.35,23914.15,366745300,41198.27,-1.486102929,,23854.3625,23854.3625,23854.3625,2024-11,"(-1.831, -1.478]",2%,10%,26104.2,21743.65
29-11-2024,23927.15,24188.45,23927.15,24131.1,282104071,30509.98,0.907203476,,23885.11111,23885.11111,23885.11111,2024-11,"(0.641, 0.994]",-1%,10%,26104.2,21743.65
02-12-2024,24140.85,24301.7,24008.65,24276.05,220384187,23162.75,0.600677134,,23924.205,23924.205,23924.205,2024-12,"(0.288, 0.641]",-1%,10%,26104.2,21743.65
03-12-2024,24367.5,24481.35,24280,24457.15,339470947,34228.3,0.746002748,,23972.65455,23972.65455,23972.65455,2024-12,"(0.641, 0.994]",0%,10%,26104.2,21743.65
04-12-2024,24488.75,24573.2,24366.3,24467.45,348003156,34639.78,0.042114474,,24013.8875,24013.8875,24013.8875,2024-12,"(-0.0656, 0.288]",0%,10%,26104.2,21743.65
05-12-2024,24539.15,24857.75,24295.55,24708.4,361469920,40471.33,0.984777735,,24067.31154,24067.31154,24067.31154,2024-12,"(0.641, 0.994]",-1%,10%,26104.2,21743.65
06-12-2024,24729.45,24751.05,24620.5,24677.8,226731303,23904.13,-0.123844523,,24110.91786,24110.91786,24110.91786,2024-12,"(-0.419, -0.0656]",0%,10%,26104.2,21743.65
09-12-2024,24633.9,24705,24580.05,24619,248139308,25099.79,-0.238270835,,24144.79,24144.79,24144.79,2024-12,"(-0.419, -0.0656]",0%,10%,26104.2,21743.65
10-12-2024,24652.65,24677.8,24510.65,24610.05,261048951,26093.38,-0.036354036,,24173.86875,24173.86875,24173.86875,2024-12,"(-0.0656, 0.288]",0%,10%,26104.2,21743.65
11-12-2024,24620.5,24691.75,24583.85,24641.8,187252712,21592.23,0.129012334,,24201.39412,24201.39412,24201.39412,2024-12,"(-0.0656, 0.288]",0%,10%,26104.2,21743.65
12-12-2024,24604.45,24675.25,24527.95,24548.7,266051129,28235.17,-0.377813309,,24220.68889,24220.68889,24220.68889,2024-12,"(-0.419, -0.0656]",0%,10%,26104.2,21743.65
13-12-2024,24498.35,24792.3,24180.8,24768.3,310080852,30429.73,0.894548387,,24249.51053,24249.51053,24249.51053,2024-12,"(0.641, 0.994]",-1%,10%,26104.2,21743.65
16-12-2024,24753.4,24781.25,24601.75,24668.25,187551629,18608.23,-0.403943751,,24270.4475,24270.4475,24270.4475,2024-12,"(-0.419, -0.0656]",0%,10%,26104.2,21743.65
17-12-2024,24584.8,24624.1,24303.45,24336,264881033,26765.16,-1.346873005,0.00899184,24314.5575,24273.56905,24273.56905,2024-12,"(-1.478, -1.125]",1%,10%,26104.2,21743.65
18-12-2024,24297.95,24394.45,24149.85,24198.85,235346534,23315.92,-0.563568376,0.009143605,24348.575,24270.17273,24270.17273,2024-12,"(-0.772, -0.419]",0%,10%,26104.2,21743.65
19-12-2024,23877.15,24004.9,23870.3,23951.7,271128027,27815.23,-1.021329526,0.0093186,24378.665,24256.32609,24256.32609,2024-12,"(-1.125, -0.772]",0%,10%,26104.2,21743.65
20-12-2024,23960.7,24065.8,23537.35,23587.5,442714411,47084.68,-1.520560127,0.008390828,24362.6775,24228.45833,24228.45833,2024-12,"(-1.831, -1.478]",2%,10%,26104.2,21743.65
23-12-2024,23738.2,23869.55,23647.2,23753.45,189758237,18243.28,0.703550609,0.007961359,24339.255,24209.458,24209.458,2024-12,"(0.641, 0.994]",0%,10%,26104.2,21743.65
24-12-2024,23769.1,23867.65,23685.15,23727.65,177664746,16010.71,-0.108615801,0.007961311,24315.9125,24190.92692,24190.92692,2024-12,"(-0.419, -0.0656]",0%,10%,26104.2,21743.65
26-12-2024,23775.8,23854.5,23653.6,23750.2,177681783,16695.1,0.095036803,0.007911911,24289.6775,24174.6037,24174.6037,2024-12,"(-0.0656, 0.288]",0%,10%,26104.2,21743.65
27-12-2024,23801.4,23938.85,23800.6,23813.4,176821521,17164.99,0.266103022,0.007245583,24284.64,24161.70357,24161.70357,2024-12,"(-0.0656, 0.288]",0%,10%,26104.2,21743.65
30-12-2024,23796.9,23915.35,23599.3,23644.9,364929453,33823.95,-0.707584805,0.007056874,24260.33,24143.88276,24143.88276,2024-12,"(-0.772, -0.419]",1%,10%,26104.2,21743.65
31-12-2024,23560.6,23689.85,23460.45,23644.8,193627727,18646.79,-0.000422924,0.006868534,24228.7675,24127.24667,24127.24667,2024-12,"(-0.0656, 0.288]",0%,10%,26104.2,21743.65
01-01-2025,23637.65,23822.8,23562.8,23742.9,154921938,14266.26,0.414890378,0.006683847,24193.055,24114.84839,24114.84839,2025-01,"(0.288, 0.641]",0%,10%,26104.2,21743.65
02-01-2025,23783,24226.7,23751.55,24188.65,283200811,32237.25,1.87740335,0.008071466,24179.115,24117.15469,24117.15469,2025-01,"(1.7, 2.053]",-2%,10%,26104.2,21743.65
03-01-2025,24196.4,24196.45,23976,24004.75,312279515,29411.99,-0.76027393,0.007828779,24143.9325,24113.74848,24113.74848,2025-01,"(-0.772, -0.419]",1%,10%,26104.2,21743.65
06-01-2025,24045.8,24089.95,23551.9,23616.05,278061806,25853.64,-1.619262854,0.008496711,24090.845,24099.11029,24099.11029,2025-01,"(-1.831, -1.478]",2%,10%,26104.2,21743.65
07-01-2025,23679.9,23795.2,23637.8,23707.9,262337253,22485.65,0.38893041,0.00860322,24045.29,24087.93286,24087.93286,2025-01,"(0.288, 0.641]",0%,10%,26104.2,21743.65
08-01-2025,23746.65,23751.85,23496.15,23688.95,266375381,24718.54,-0.079931162,0.008599812,23999.235,24076.85,24076.85,2025-01,"(-0.419, -0.0656]",0%,10%,26104.2,21743.65
09-01-2025,23674.75,23689.5,23503.05,23526.5,269239831,26793.85,-0.685762771,0.008635129,23943.47,24061.97568,24061.97568,2025-01,"(-0.772, -0.419]",1%,10%,26104.2,21743.65
10-01-2025,23551.9,23596.6,23344.35,23431.5,261022434,25017.6,-0.40379997,0.008637701,23887.61,24045.38421,24045.38421,2025-01,"(-0.419, -0.0656]",1%,10%,26104.2,21743.65
13-01-2025,23195.4,23340.95,23047.25,23085.95,316481107,26890.37,-1.474724196,0.008640274,23803.4925,24020.78333,24020.78333,2025-01,"(-1.478, -1.125]",0%,10%,26104.2,21743.65
14-01-2025,23165.9,23264.95,23134.15,23176.05,311235510,31174.05,0.390280669,0.00879413,23728.8825,23999.665,23999.665,2025-01,"(0.288, 0.641]",0%,10%,26104.2,21743.65
15-01-2025,23250.45,23293.65,23146.45,23213.2,228039156,21587.78,0.160294787,0.008497652,23672.7425,23980.48293,23980.48293,2025-01,"(-0.0656, 0.288]",0%,10%,26104.2,21743.65
16-01-2025,23377.25,23391.65,23272.05,23311.8,299416081,29784.82,0.424758327,0.008581926,23628.39,23964.5619,23964.5619,2025-01,"(0.288, 0.641]",0%,10%,26104.2,21743.65
17-01-2025,23277.1,23292.1,23100.35,23203.2,272945267,27040.78,-0.465858492,0.008383956,23590.965,23946.85581,23946.85581,2025-01,"(-0.772, -0.419]",0%,10%,26104.2,21743.65
20-01-2025,23290.4,23391.1,23170.65,23344.75,301455455,27333.97,0.610045166,0.007897363,23578.8275,23933.17159,23933.17159,2025-01,"(0.288, 0.641]",0%,10%,26104.2,21743.65
21-01-2025,23421.65,23426.3,22976.85,23024.65,312871897,30106.72,-1.371186241,0.008213484,23542.3875,23912.98222,23912.98222,2025-01,"(-1.478, -1.125]",2%,10%,26104.2,21743.65
22-01-2025,23099.15,23169.55,22981.3,23155.35,275951918,25462.05,0.567652494,0.008370203,23513.7725,23896.51196,23896.51196,2025-01,"(0.288, 0.641]",0%,10%,26104.2,21743.65
23-01-2025,23128.3,23270.8,23090.65,23205.35,275558357,27723.78,0.215932819,0.008390789,23486.53,23881.80638,23881.80638,2025-01,"(-0.0656, 0.288]",0%,10%,26104.2,21743.65
24-01-2025,23183.9,23347.3,23050,23092.2,264336332,24412.46,-0.487603074,0.008380988,23450.47,23865.35625,23865.35625,2025-01,"(-0.772, -0.419]",0%,10%,26104.2,21743.65
27-01-2025,22940.15,23007.45,22786.9,22829.15,257372790,24202.41,-1.13912923,0.008585079,23409.6825,23844.20918,23844.20918,2025-01,"(-1.478, -1.125]",0%,10%,26104.2,21743.65
28-01-2025,22960.45,23137.95,22857.65,22957.25,361868609,33221.8,0.561124702,0.008734632,23375.305,23826.47,23826.47,2025-01,"(0.288, 0.641]",0%,10%,26104.2,21743.65
29-01-2025,23026.75,23183.35,22976.5,23163.1,251208119,22307.38,0.89666663,0.00896034,23346.315,23820.656,23813.46275,2025-01,"(0.641, 0.994]",-1%,10%,26104.2,21743.65
30-01-2025,23169.5,23322.05,23139.2,23249.5,384687127,35252.87,0.373007067,0.00774453,23299.3575,23815.276,23802.61731,2025-01,"(0.288, 0.641]",0%,10%,26104.2,21743.65
31-01-2025,23296.75,23546.8,23277.4,23508.4,326919177,28638.01,1.113572335,0.008147591,23274.54,23818.446,23797.06604,2025-01,"(0.994, 1.347]",-1%,10%,26104.2,21743.65
01-02-2025,23528.6,23632.45,23318.3,23482.15,287703637,25741.04,-0.111662214,0.007325126,23267.845,23809.944,23791.23426,2025-02,"(-0.419, -0.0656]",0%,10%,26104.2,21743.65
03-02-2025,23319.35,23381.6,23222,23361.05,347241171,32019.13,-0.51571087,0.007334807,23250.5025,23792.727,23783.41273,2025-02,"(-0.772, -0.419]",0%,10%,26104.2,21743.65
04-02-2025,23509.9,23762.75,23423.15,23739.25,376742506,35974.3,1.61893408,0.008250589,23253.0175,23783.622,23782.62411,2025-02,"(1.347, 1.7]",-1%,10%,26104.2,21743.65
05-02-2025,23801.75,23807.3,23680.45,23696.3,267014345,25806.44,-0.180923997,0.008101158,23261.5075,23772.05,23781.10965,2025-02,"(-0.419, -0.0656]",0%,10%,26104.2,21743.65
06-02-2025,23761.95,23773.55,23556.25,23603.35,306978683,30885.59,-0.392255331,0.008097877,23270.1,23765.834,23778.04483,2025-02,"(-0.419, -0.0656]",1%,10%,26104.2,21743.65
07-02-2025,23649.5,23694.5,23443.2,23559.95,368092482,30042,-0.183872205,0.007302723,23293.8,23754.411,23774.34831,2025-02,"(-0.419, -0.0656]",0%,10%,26104.2,21743.65
10-02-2025,23543.8,23568.6,23316.3,23381.6,225529166,21254.72,-0.757005002,0.007513736,23304.0775,23736.522,23767.8025,2025-02,"(-0.772, -0.419]",1%,10%,26104.2,21743.65
11-02-2025,23383.55,23390.05,22986.65,23071.8,267969979,27191.96,-1.324973483,0.008106326,23297.0075,23708.815,23756.39262,2025-02,"(-1.478, -1.125]",1%,10%,26104.2,21743.65
12-02-2025,23050.8,23144.7,22798.35,23045.25,279656513,26989.94,-0.115075547,0.008037419,23283.68,23680.371,23744.92258,2025-02,"(-0.419, -0.0656]",0%,10%,26104.2,21743.65
13-02-2025,23055.75,23235.5,22992.2,23031.4,265706855,25218.86,-0.060099153,0.007979097,23275.09,23646.831,23733.59683,2025-02,"(-0.0656, 0.288]",0%,10%,26104.2,21743.65
14-02-2025,23096.45,23133.7,22774.85,22929.25,254479643,22049.89,-0.443524927,0.007878579,23254.315,23611.86,23721.02891,2025-02,"(-0.772, -0.419]",1%,10%,26104.2,21743.65
17-02-2025,22809.9,22974.2,22725.45,22959.5,207393944,19809.44,0.13192756,0.007283337,23251.0575,23578.67,23709.31308,2025-02,"(-0.0656, 0.288]",-1%,10%,26104.2,21743.65
18-02-2025,22963.65,22992.5,22801.5,22945.3,210616675,19431.37,-0.061848037,0.007154698,23240.555,23545.375,23697.73712,2025-02,"(-0.0656, 0.288]",0%,10%,26104.2,21743.65
19-02-2025,22847.25,23049.95,22814.85,22932.9,206999204,19817.93,-0.054041568,0.007128669,23226.9325,23511.197,23686.32164,2025-02,"(-0.0656, 0.288]",0%,10%,26104.2,21743.65
20-02-2025,22821.1,22923.85,22812.75,22913.15,240836647,21303.88,-0.086120813,0.007057088,23217.98,23478.486,23674.95147,2025-02,"(-0.419, -0.0656]",0%,10%,26104.2,21743.65
21-02-2025,22857.2,22921,22720.3,22795.9,242753984,21994.37,-0.511714889,0.006670001,23216.3175,23439.038,23662.21159,2025-02,"(-0.772, -0.419]",0%,10%,26104.2,21743.65
24-02-2025,22609.35,22668.05,22518.8,22553.35,214317552,20772.95,-1.064007124,0.00692868,23196.1225,23396.74,23646.37071,2025-02,"(-1.125, -0.772]",0%,10%,26104.2,21743.65
25-02-2025,22516.45,22625.3,22513.9,22547.55,250279519,24917.83,-0.0257168,0.006535696,23165.345,23360.971,23630.89437,2025-02,"(-0.0656, 0.288]",0%,10%,26104.2,21743.65
27-02-2025,22568.95,22613.3,22508.4,22545.05,289230479,29775.64,-0.011087679,0.006434976,23130.1225,23327.895,23615.81319,2025-02,"(-0.0656, 0.288]",0%,10%,26104.2,21743.65
28-02-2025,22433.4,22450.35,22104.85,22124.7,551285287,52745.2,-1.864489101,0.006788778,23060.9375,23291.355,23595.38699,2025-02,"(-2.184, -1.831]",1%,10%,26104.2,21743.65
03-03-2025,22194.55,22261.55,22004.7,22119.3,282399735,25942.05,-0.024407111,0.006804349,22992.795,23261.991,23575.43986,2025-03,"(-0.0656, 0.288]",0%,10%,26104.2,21743.65
04-03-2025,21974.45,22105.05,21964.6,22082.65,253260641,22979.56,-0.165692404,0.006789944,22928.875,23228.575,23555.536,2025-03,"(-0.419, -0.0656]",0%,10%,26104.2,21743.65
05-03-2025,22073.05,22394.9,22067.8,22337.3,305942691,26371.61,1.153167758,0.006154982,22858.7775,23200.768,23539.50658,2025-03,"(0.994, 1.347]",-1%,10%,26104.2,21743.65
06-03-2025,22476.35,22556.45,22245.85,22544.7,372083680,30550.28,0.928491805,0.006741868,22801.1975,23176.658,23526.58701,2025-03,"(0.641, 0.994]",0%,10%,26104.2,21743.65
07-03-2025,22508.65,22633.8,22464.75,22552.5,289765795,21446.95,0.034597932,0.006760875,22748.655,23151.44,23514.09872,2025-03,"(-0.0656, 0.288]",0%,10%,26104.2,21743.65
10-03-2025,22521.85,22676.75,22429.05,22460.3,293855491,22330.86,-0.408823855,0.006772326,22693.6725,23127.748,23500.75949,2025-03,"(-0.419, -0.0656]",0%,10%,26104.2,21743.65
11-03-2025,22345.95,22522.1,22314.7,22497.9,347924102,29208.22,0.167406491,0.006713602,22649.4875,23104.81,23488.22375,2025-03,"(-0.0656, 0.288]",-1%,10%,26104.2,21743.65
12-03-2025,22536.35,22577.4,22329.55,22470.5,369736725,33406.41,-0.121789145,0.006159544,22619.4225,23079.362,23475.65926,2025-03,"(-0.419, -0.0656]",0%,10%,26104.2,21743.65
13-03-2025,22541.5,22558.05,22377.35,22397.2,287535243,22855.58,-0.326205469,0.006174899,22587.02,23043.533,23462.50732,2025-03,"(-0.419, -0.0656]",1%,10%,26104.2,21743.65
17-03-2025,22353.15,22577,22353.15,22508.75,251102239,24122.27,0.498053328,0.006337239,22560.8875,23013.613,23451.01627,2025-03,"(0.288, 0.641]",-1%,10%,26104.2,21743.65
18-03-2025,22662.25,22857.8,22599.2,22834.3,272578844,26387.47,1.446326429,0.007172095,22556.14,22997.978,23443.6744,2025-03,"(1.347, 1.7]",-1%,10%,26104.2,21743.65
19-03-2025,22874.95,22940.7,22807.95,22907.6,323992121,26994.95,0.321008308,0.007205324,22553.545,22981.972,23437.36765,2025-03,"(0.288, 0.641]",0%,10%,26104.2,21743.65
20-03-2025,23036.6,23216.7,22973.95,23190.65,313729818,27573.99,1.235616127,0.007720743,22565.8125,22972.006,23434.49884,2025-03,"(0.994, 1.347]",-1%,10%,26104.2,21743.65
21-03-2025,23168.25,23402.7,23132.8,23350.4,540966316,51005.67,0.688855207,0.007842742,22586.6875,22968.484,23433.53218,2025-03,"(0.641, 0.994]",-1%,10%,26104.2,21743.65
24-03-2025,23515.4,23708.75,23433.5,23658.35,311900413,28871.35,1.318821091,0.008290136,22623.9475,22973.021,23436.08693,2025-03,"(0.994, 1.347]",-1%,10%,26104.2,21743.65
25-03-2025,23751.5,23869.6,23601.4,23668.65,338216746,35415.03,0.043536426,0.008143824,22667.585,22984.675,23438.7,2025-03,"(-0.0656, 0.288]",0%,10%,26104.2,21743.65
26-03-2025,23700.95,23736.5,23451.7,23486.85,278590831,26877.28,-0.768104645,0.007927802,22714.26,22990.891,23439.235,2025-03,"(-0.772, -0.419]",1%,10%,26104.2,21743.65
27-03-2025,23433.95,23646.45,23412.2,23591.95,510302142,46481.84,0.447484443,0.007925627,22766.48,22998.466,23440.91319,2025-03,"(0.288, 0.641]",-1%,10%,26104.2,21743.65
28-03-2025,23600.4,23649.2,23450.2,23519.35,387455531,29156.37,-0.307732087,0.008000452,22815.195,23002.617,23441.76576,2025-03,"(-0.419, -0.0656]",0%,10%,26104.2,21743.65
01-04-2025,23341.1,23565.15,23136.4,23165.7,375118343,30680.7,-1.503655501,0.00753396,22867.245,23001.867,23438.79731,2025-04,"(-1.831, -1.478]",1%,10%,26104.2,21743.65
02-04-2025,23192.6,23350,23158.45,23332.35,340970371,24334.3,0.719382535,0.007583701,22927.8975,23001.619,23437.66489,2025-04,"(0.641, 0.994]",-1%,10%,26104.2,21743.65
03-04-2025,23150.3,23306.5,23145.8,23250.1,283196379,23501.33,-0.352514856,0.0076514,22986.27,23006.128,23435.69053,2025-04,"(-0.419, -0.0656]",0%,10%,26104.2,21743.65
04-04-2025,23190.4,23214.7,22857.45,22904.45,466776198,33761.96,-1.486660272,0.008281768,23014.6275,23001.11,23430.15677,2025-04,"(-1.831, -1.478]",1%,10%,26104.2,21743.65
07-04-2025,21758.4,22254,21743.65,22161.6,647107618,49172.14,-3.243256223,0.010976517,22995.4725,22980.235,23417.07887,2025-04,"(-3.25, -2.89]",-2%,10%,26104.2,21743.65
08-04-2025,22446.75,22697.2,22270.85,22535.85,468250807,37226.82,1.688731861,0.011668678,22994.64,22969.108,23408.08673,2025-04,"(1.347, 1.7]",0%,10%,26104.2,22270.85
09-04-2025,22460.3,22468.7,22353.25,22399.15,383822618,28996.55,-0.606589057,0.011713691,22991.5825,22960.508,23397.89545,2025-04,"(-0.772, -0.419]",0%,10%,26104.2,22353.25
11-04-2025,22695.4,22923.9,22695.4,22828.55,402162001,33683.6,1.91703703,0.012479177,23008.115,22957.934,23392.202,2025-04,"(1.7, 2.053]",-1%,10%,26104.2,22695.4
15-04-2025,23368.35,23368.35,23207,23328.55,388321931,34216.17,2.190239853,0.013324268,23051.0175,22961.243,23391.57178,2025-04,"(2.053, 2.406]",0%,10%,26104.2,23207
16-04-2025,23344.1,23452.2,23273.05,23437.2,348424960,28102.36,0.465738334,0.013278501,23103.0175,22964.997,23392.01912,2025-04,"(0.288, 0.641]",0%,10%,26104.2,23273.05
17-04-2025,23401.85,23872.35,23298.55,23851.65,505333905,38450.09,1.768342635,0.013707514,23170.1625,22971.862,23396.48155,2025-04,"(1.7, 2.053]",-2%,10%,26104.2,23298.55
21-04-2025,23949.15,24189.55,23903.65,24125.55,406145632,33125.62,1.148348227,0.013591968,23234.725,22984.73,23403.49183,2025-04,"(0.994, 1.347]",-1%,10%,26104.2,23847.85
22-04-2025,24185.4,24242.6,24072,24167.25,440940490,35479.29,0.1728458,0.013593895,23297.7075,23000.854,23410.76571,2025-04,"(-0.0656, 0.288]",0%,10%,26104.2,23847.85
23-04-2025,24357.6,24359.3,24119.95,24328.95,415042544,34527.08,0.669087298,0.013441765,23354.6225,23012.648,23419.42783,2025-04,"(0.641, 0.994]",0%,10%,26104.2,23847.85
24-04-2025,24277.9,24347.85,24216.15,24246.7,358768165,33057.29,-0.338074598,0.013460824,23399.4375,23023.656,23427.15935,2025-04,"(-0.419, -0.0656]",0%,10%,26104.2,23847.85
25-04-2025,24289,24365.45,23847.85,24039.35,387741866,33430.86,-0.85516792,0.013384936,23418.4875,23032.376,23432.82778,2025-04,"(-1.125, -0.772]",1%,10%,26104.2,23847.85
28-04-2025,24070.25,24355.1,24054.05,24328.5,320467976,28278.82,1.202819544,0.013613526,23451.48,23047.747,23441.04495,2025-04,"(0.994, 1.347]",-1%,10%,26104.2,23935.75
29-04-2025,24370.7,24457.65,24290.75,24335.95,357563224,30436.88,0.030622521,0.013447266,23493.935,23066.834,23449.18045,2025-04,"(-0.0656, 0.288]",0%,10%,26104.2,23935.75
30-04-2025,24342.05,24396.15,24198.75,24334.2,424452559,41073.48,-0.007191008,0.013439227,23531.0475,23092.082,23457.1536,2025-04,"(-0.0656, 0.288]",0%,10%,26104.2,23935.75
02-05-2025,24311.9,24589.15,24238.5,24346.7,421112627,34043.27,0.051368033,0.013396861,23572.415,23118.111,23465.09598,2025-05,"(-0.0656, 0.288]",0%,10%,26104.2,23935.75
05-05-2025,24419.5,24526.4,24400.65,24461.15,291471628,26918.36,0.470084241,0.012803963,23637.1875,23146.706,23473.91062,2025-05,"(0.288, 0.641]",0%,10%,26104.2,23935.75
06-05-2025,24500.75,24509.65,24331.8,24379.6,302354059,26481.15,-0.333385797,0.012830308,23689.55,23175.713,23481.85526,2025-05,"(-0.419, -0.0656]",0%,10%,26104.2,23935.75
07-05-2025,24233.3,24449.6,24220,24414.4,330137191,27648.34,0.142742293,0.012760048,23747.765,23204.811,23489.96435,2025-05,"(-0.0656, 0.288]",-1%,10%,26104.2,23935.75
08-05-2025,24431.5,24447.25,24150.2,24273.8,411362230,36893.06,-0.575889639,0.012259446,23816.2325,23231.381,23496.72155,2025-05,"(-0.772, -0.419]",1%,10%,26104.2,23935.75
09-05-2025,23935.75,24164.25,23935.75,24008,335550680,28942.61,-1.095007786,0.009658763,23908.5525,23252.883,23501.09145,2025-05,"(-1.125, -0.772]",0%,10%,26104.2,23935.75
12-05-2025,24420.1,24944.8,24378.85,24924.7,368707684,30362.27,3.818310563,0.012030654,24027.995,23293.114,23513.15593,2025-05,"(3.465, 3.818]",-2%,10%,26104.2,24337.5
13-05-2025,24864.05,24973.8,24547.5,24578.35,422977876,34576.66,-1.389585431,0.012530763,24136.955,23328.763,23522.10714,2025-05,"(-1.478, -1.125]",1%,10%,26104.2,24337.5
14-05-2025,24613.8,24767.55,24535.55,24666.9,345490805,25585.37,0.360276422,0.012061039,24228.8725,23371.034,23531.64708,2025-05,"(0.288, 0.641]",0%,10%,26104.2,24337.5
15-05-2025,24694.45,25116.25,24494.45,25062.1,500821889,44147.39,1.602147007,0.011665483,24315.55,23421.325,23544.29545,2025-05,"(1.347, 1.7]",-1%,10%,26104.2,24337.5
16-05-2025,25064.65,25070,24953.05,25019.8,432717092,43815.86,-0.168780749,0.011722907,24394.68,23470.82,23556.38975,2025-05,"(-0.419, -0.0656]",0%,10%,26104.2,24337.5
19-05-2025,25005.35,25062.95,24916.65,24945.45,255254340,21598.6,-0.297164646,0.011294503,24449.37,23527.235,23567.68293,2025-05,"(-0.419, -0.0656]",0%,10%,26104.2,24337.5
20-05-2025,24996.2,25010.35,24669.7,24683.9,414799113,31063.03,-1.0484878,0.011422326,24477.2875,23578.527,23576.68468,2025-05,"(-1.125, -0.772]",1%,10%,26104.2,24337.5
21-05-2025,24744.25,24946.2,24685.35,24813.45,332724952,23179.85,0.524836027,0.011457865,24509.5975,23633.143,23586.5788,2025-05,"(0.288, 0.641]",0%,10%,26104.2,24337.5
22-05-2025,24733.95,24737.5,24462.4,24609.7,403279638,30579.52,-0.821127252,0.011578354,24523.635,23678.591,23594.69881,2025-05,"(-1.125, -0.772]",1%,10%,26104.2,24337.5
23-05-2025,24639.5,24909.05,24614.05,24853.15,270470348,20200.73,0.989244079,0.011715549,24553.9575,23724.76,23604.60787,2025-05,"(0.641, 0.994]",-1%,10%,26104.2,24337.5
26-05-2025,24919.35,25079.2,24900.5,25001.15,302799227,20060.68,0.595497955,0.011520941,24602.0475,23773.733,23615.51836,2025-05,"(0.288, 0.641]",0%,10%,26104.2,24337.5
27-05-2025,24956.65,25062.9,24704.1,24826.2,525653668,33638.3,-0.699767811,0.011436737,24626.9325,23821.051,23624.90349,2025-05,"(-0.772, -0.419]",1%,10%,26104.2,24337.5
28-05-2025,24832.5,24864.25,24737.05,24752.45,684425321,37143.55,-0.297065197,0.01147174,24647.7575,23866.142,23633.57692,2025-05,"(-0.419, -0.0656]",0%,10%,26104.2,24337.5
29-05-2025,24825.1,24892.6,24677.3,24833.6,345370611,29730.05,0.327846334,0.011481097,24672.7275,23913.404,23642.7374,2025-05,"(0.288, 0.641]",0%,10%,26104.2,24337.5
30-05-2025,24812.6,24863.95,24717.4,24750.7,853890978,52247.87,-0.333821919,0.011523293,24692.9275,23960.474,23651.13106,2025-05,"(-0.419, -0.0656]",0%,10%,26104.2,24337.5
02-06-2025,24669.7,24754.4,24526.15,24716.6,311100908,25091.04,-0.137773881,0.011497498,24705.7,24004.631,23659.14211,2025-06,"(-0.419, -0.0656]",0%,10%,26104.2,24337.5
03-06-2025,24786.3,24845.1,24502.15,24542.5,349288937,28906.4,-0.704384907,0.01159352,24713.845,24038.795,23665.73433,2025-06,"(-0.772, -0.419]",1%,10%,26104.2,24337.5
04-06-2025,24560.45,24644.25,24530.45,24620.2,280862575,21907.07,0.316593664,0.011608169,24724.135,24073.047,23672.80444,2025-06,"(0.288, 0.641]",0%,10%,26104.2,24337.5
05-06-2025,24691.2,24899.85,24613.1,24750.9,388405978,30186.46,0.5308649,0.011558647,24747.99,24104.252,23680.73162,2025-06,"(0.288, 0.641]",0%,10%,26104.2,24337.5
06-06-2025,24748.7,25029.5,24671.45,25003.05,335581057,30041.71,1.018750833,0.0113698,24797.7425,24137.305,23690.38358,2025-06,"(0.994, 1.347]",-1%,10%,26104.2,24337.5
09-06-2025,25160.1,25160.1,25077.15,25103.2,279219989,25606.21,0.400551133,0.00760521,24806.6675,24166.202,23700.62138,2025-06,"(0.288, 0.641]",0%,10%,26104.2,24337.5
10-06-2025,25196.05,25199.3,25055.45,25104.25,307323471,28813.93,0.004182734,0.00682652,24832.9625,24194.914,23710.71942,2025-06,"(-0.0656, 0.288]",0%,10%,26104.2,24337.5
11-06-2025,25134.15,25222.4,25081.3,25141.4,301245273,25871.18,0.147982911,0.006801708,24856.6875,24228.005,23720.93857,2025-06,"(-0.0656, 0.288]",0%,10%,26104.2,24337.5
12-06-2025,25164.45,25196.2,24825.9,24888.2,328310748,29573.27,-1.007103821,0.006243238,24847.9925,24253.93,23729.21702,2025-06,"(-1.125, -0.772]",1%,10%,26104.2,24337.5
13-06-2025,24473,24754.35,24473,24718.6,318711364,24838.56,-0.681447433,0.006405086,24832.9325,24277.915,23736.18451,2025-06,"(-0.772, -0.419]",-1%,10%,26104.2,24337.5
16-06-2025,24732.35,24967.1,24703.6,24946.5,305813047,23857.15,0.921977782,0.006737583,24832.985,24313.531,23744.64825,2025-06,"(0.641, 0.994]",-1%,10%,26104.2,24337.5
17-06-2025,24977.85,24982.05,24813.7,24853.4,242415740,21818.05,-0.373198645,0.006340765,24841.46,24343.952,23752.34792,2025-06,"(-0.419, -0.0656]",1%,10%,26104.2,24337.5
18-06-2025,24788.35,24947.55,24750.45,24812.05,237599011,22044.05,-0.166375627,0.006248071,24841.39,24375.191,23759.65621,2025-06,"(-0.419, -0.0656]",0%,10%,26104.2,24337.5
19-06-2025,24803.25,24863.1,24733.4,24793.25,274619935,23620.79,-0.075769636,0.005946545,24850.5675,24412.967,23766.73562,2025-06,"(-0.419, -0.0656]",0%,10%,26104.2,24337.5
20-06-2025,24787.65,25136.2,24783.65,25112.4,574654035,55782.03,1.28724552,0.006227897,24863.53,24471.983,23775.8898,2025-06,"(0.994, 1.347]",-1%,10%,26104.2,24337.5
23-06-2025,24939.75,25057,24824.85,24971.9,248534153,20797.88,-0.559484557,0.006234588,24862.0675,24520.704,23783.97095,2025-06,"(-0.772, -0.419]",0%,10%,26104.2,24337.5
24-06-2025,25179.9,25317.7,24999.7,25044.35,450185468,35508.9,0.290126102,0.00604316,24872.975,24573.608,23792.42987,2025-06,"(0.288, 0.641]",1%,10%,26104.2,24337.5
25-06-2025,25150.35,25266.8,25125.05,25244.75,260582584,22985.17,0.80018048,0.006211528,24897.59,24621.932,23802.112,2025-06,"(0.641, 0.994]",0%,10%,26104.2,24337.5
26-06-2025,25268.95,25565.3,25259.9,25549,428891818,38689.39,1.205201081,0.006673295,24933.36,24666.341,23813.68079,2025-06,"(0.994, 1.347]",-1%,10%,26104.2,24337.5
27-06-2025,25576.65,25654.2,25523.55,25637.8,563957748,47108.6,0.347567419,0.00658981,24977.715,24710.353,23825.68158,2025-06,"(0.288, 0.641]",0%,10%,26104.2,24337.5
30-06-2025,25661.65,25669.35,25473.3,25517.05,270981274,24673.48,-0.47098425,0.006714857,25017.7375,24743.661,23836.73627,2025-06,"(-0.772, -0.419]",1%,10%,26104.2,24337.5
01-07-2025,25551.35,25593.4,25501.8,25541.8,260669106,23921.02,0.096993971,0.00640274,25067.7025,24771.986,23847.80812,2025-07,"(-0.0656, 0.288]",0%,10%,26104.2,24337.5
02-07-2025,25588.3,25608.1,25378.75,25453.4,309828013,26681.66,-0.346099335,0.006510712,25109.3625,24797.709,23858.16677,2025-07,"(-0.419, -0.0656]",1%,10%,26104.2,24337.5
03-07-2025,25505.1,25587.5,25384.35,25405.3,293428797,24531.7,-0.188972789,0.00649884,25142.0825,24819.236,23868.08429,2025-07,"(-0.419, -0.0656]",0%,10%,26104.2,24337.5
04-07-2025,25428.85,25470.25,25331.65,25461,193511595,19101.33,0.21924559,0.006162221,25164.98,24843.522,23878.23025,2025-07,"(-0.0656, 0.288]",0%,10%,26104.2,24337.5
07-07-2025,25450.45,25489.8,25407.25,25461.3,196051345,16923.26,0.001178273,0.00612175,25182.885,24871.961,23888.24968,2025-07,"(-0.0656, 0.288]",0%,10%,26104.2,24337.5
08-07-2025,25427.85,25548.05,25424.15,25522.5,210410530,21947.32,0.240364789,0.006130626,25203.7975,24895.841,23898.52799,2025-07,"(-0.0656, 0.288]",0%,10%,26104.2,24337.5
09-07-2025,25514.6,25548.7,25424.35,25476.1,239081546,20549.5,-0.181800372,0.006156927,25220.5325,24918.644,23908.38781,2025-07,"(-0.419, -0.0656]",0%,10%,26104.2,24337.5
10-07-2025,25511.65,25524.05,25340.45,25355.25,219609322,21435.36,-0.474366171,0.005770459,25243.885,24939.065,23917.37453,2025-07,"(-0.772, -0.419]",1%,10%,26104.2,24337.5
11-07-2025,25255.5,25322.45,25129,25149.85,249987681,26251.65,-0.81008864,0.005867859,25265.4475,24955.128,23924.98241,2025-07,"(-1.125, -0.772]",0%,10%,26104.2,24337.5
14-07-2025,25149.5,25151.1,25001.95,25082.3,259533624,23316.33,-0.268590071,0.005573977,25272.2375,24967.551,23932.08252,2025-07,"(-0.419, -0.0656]",0%,10%,26104.2,24337.5
15-07-2025,25089.5,25245.2,25088.45,25195.8,241340130,23282.7,0.452510336,0.005566482,25289.3575,24983.875,23939.78811,2025-07,"(0.288, 0.641]",0%,10%,26104.2,24337.5
16-07-2025,25196.6,25255.3,25121.05,25212.05,228815928,22254.54,0.064494876,0.005538774,25309.3575,24999.828,23947.49879,2025-07,"(-0.0656, 0.288]",0%,10%,26104.2,24337.5
17-07-2025,25230.75,25238.35,25101,25111.45,243412540,24715.35,-0.39901555,0.005633419,25325.2675,25016.581,23954.51054,2025-07,"(-0.419, -0.0656]",0%,10%,26104.2,24337.5
18-07-2025,25108.55,25144.6,24918.65,24968.4,316979826,26330.8,-0.569660454,0.005009093,25318.0675,25035.789,23960.58174,2025-07,"(-0.772, -0.419]",1%,10%,26104.2,24337.5
21-07-2025,24999,25111.4,24882.3,25090.7,305216414,26062.25,0.489819131,0.004972015,25324.0075,25039.109,23967.30863,2025-07,"(0.288, 0.641]",0%,10%,26104.2,24337.5
22-07-2025,25166.65,25182,25035.55,25060.9,483725120,31248.06,-0.118769106,0.00494119,25324.835,25048.76,23973.77959,2025-07,"(-0.419, -0.0656]",0%,10%,26104.2,24337.5
23-07-2025,25139.35,25233.5,25085.5,25219.9,271539651,23042.49,0.634454469,0.004812958,25323.5925,25059.82,23981.10971,2025-07,"(0.288, 0.641]",0%,10%,26104.2,24337.5
24-07-2025,25243.3,25246.25,25018.7,25062.1,338728860,27433.34,-0.625696375,0.004077302,25299.2475,25059.82,23987.43129,2025-07,"(-0.772, -0.419]",1%,10%,26104.2,24337.5
25-07-2025,25010.35,25010.35,24806.35,24837,278136104,25273.64,-0.898168948,0.004309922,25259.2075,25056.164,23992.37064,2025-07,"(-1.125, -0.772]",1%,10%,26104.2,24337.5
28-07-2025,24782.45,24889.2,24646.6,24680.9,262142969,24976.54,-0.628497806,0.004383947,25217.4,25050.873,23996.35058,2025-07,"(-0.772, -0.419]",0%,10%,26104.2,24337.5
29-07-2025,24609.65,24847.15,24598.6,24821.1,284657235,25954.42,0.568050598,0.004650828,25181.365,25053.617,24001.09052,2025-07,"(0.288, 0.641]",-1%,10%,26104.2,24337.5
30-07-2025,24890.4,24902.3,24771.95,24855.05,243886726,23525.25,0.136778789,0.004664605,25151.4475,25054.449,24005.97029,2025-07,"(-0.0656, 0.288]",0%,10%,26104.2,24337.5
31-07-2025,24642.25,24956.5,24635,24768.35,346303628,30477.71,-0.348822473,0.004691054,25119.6,25057.622,24010.30199,2025-07,"(-0.419, -0.0656]",-1%,10%,26104.2,24337.5
01-08-2025,24734.9,24784.15,24535.05,24565.35,263357194,24972.45,-0.819594361,0.004860915,25074.8175,25051.866,24013.43785,2025-08,"(-1.125, -0.772]",1%,10%,26104.2,24337.5
04-08-2025,24596.05,24736.25,24554,24722.75,259329477,20372.68,0.640739904,0.005184439,25037.89,25046.298,24017.42275,2025-08,"(0.641, 0.994]",-1%,10%,26104.2,24337.5
05-08-2025,24720.25,24733.1,24590.3,24649.55,251849778,23815.36,-0.296083567,0.00511241,24994.2425,25042.765,24020.95419,2025-08,"(-0.419, -0.0656]",0%,10%,26104.2,24337.5
06-08-2025,24641.35,24671.4,24539.2,24574.2,225091071,20559.22,-0.305685094,0.005121079,24949.1475,25039.2,24024.02778,2025-08,"(-0.419, -0.0656]",0%,10%,26104.2,24337.5
07-08-2025,24464.2,24634.2,24344.15,24596.15,616739190,35574.59,0.089321321,0.005104945,24911.1925,25034.451,24027.18867,2025-08,"(-0.0656, 0.288]",-1%,10%,26104.2,24337.5
08-08-2025,24544.25,24585.5,24337.5,24363.3,312630157,38135.74,-0.946692877,0.005205962,24871.865,25026.703,24029.03544,2025-08,"(-1.125, -0.772]",1%,10%,26104.2,24337.5
11-08-2025,24371.5,24600.85,24347.45,24585.05,241145497,21081.61,0.910180476,0.005715817,24847.0025,25024.072,24032.07377,2025-08,"(0.641, 0.994]",-1%,10%,26104.2,24347.45
12-08-2025,24563.35,24702.6,24465.65,24487.4,237002462,22258.29,-0.397192603,0.005599287,24811.5825,25022.97,24034.54837,2025-08,"(-0.419, -0.0656]",0%,10%,26104.2,24404.7
13-08-2025,24586.2,24664.55,24535.25,24619.35,236006791,22843.14,0.538848551,0.005788192,24781.9475,25022.953,24037.70946,2025-08,"(0.288, 0.641]",0%,10%,26104.2,24404.7
14-08-2025,24607.25,24673.65,24596.9,24631.3,270162203,22375.44,0.048539056,0.005759985,24757.94,25020.561,24040.90081,2025-08,"(-0.0656, 0.288]",0%,10%,26104.2,24404.7
18-08-2025,24938.2,25022,24852.85,24876.95,363071305,37637.67,0.997308303,0.006133808,24753.3675,25018.039,24045.37166,2025-08,"(0.994, 1.347]",0%,10%,26104.2,24404.7
19-08-2025,24891.35,25012.65,24873.95,24980.65,252340828,24781.97,0.416851744,0.006104202,24747.865,25015.588,24050.34654,2025-08,"(0.288, 0.641]",0%,10%,26104.2,24404.7
20-08-2025,24965.8,25088.7,24929.7,25050.55,287054119,25330.45,0.279816578,0.006135316,24747.3475,25014.514,24055.63862,2025-08,"(-0.0656, 0.288]",0%,10%,26104.2,24404.7
21-08-2025,25142,25153.65,25054.9,25083.75,226542052,21865.07,0.13253202,0.00596223,24740.54,25013.361,24061.04974,2025-08,"(-0.0656, 0.288]",0%,10%,26104.2,24404.7
22-08-2025,25064.15,25084.85,24859.15,24870.1,210165384,19655.78,-0.851746649,0.006101814,24730.94,25012.999,24065.2856,2025-08,"(-1.125, -0.772]",1%,10%,26104.2,24404.7
25-08-2025,24949.15,25021.55,24894.35,24967.75,213032133,19871.25,0.392640158,0.005818726,24737.4775,25017.982,24069.98594,2025-08,"(0.288, 0.641]",0%,10%,26104.2,24404.7
26-08-2025,24899.5,24919.65,24689.6,24712.05,750473927,47068.2,-1.024121116,0.006113391,24739.035,25013.293,24073.31269,2025-08,"(-1.125, -0.772]",1%,10%,26104.2,24404.7
28-08-2025,24695.8,24702.65,24481.6,24500.9,326601486,29371.67,-0.854441457,0.006253499,24723.025,25006.243,24075.51675,2025-08,"(-1.125, -0.772]",1%,10%,26104.2,24404.7
29-08-2025,24466.7,24572.45,24404.7,24426.85,325543583,26796.69,-0.302233795,0.006256717,24701.615,24998.539,24077.31846,2025-08,"(-0.419, -0.0656]",0%,10%,26104.2,24404.7
01-09-2025,24432.7,24635.6,24432.7,24625.05,229327424,20704.88,0.811402207,0.006531078,24694.45,24995.175,24080.11301,2025-09,"(0.641, 0.994]",-1%,10%,26104.2,24432.7
02-09-2025,24653,24756.1,24522.35,24579.6,271558516,22051.8,-0.184568153,0.006274795,24695.1625,24984.519,24082.64848,2025-09,"(-0.419, -0.0656]",0%,10%,26104.2,24522.35
03-09-2025,24616.5,24737.05,24533.2,24715.05,340283328,23533.08,0.551066738,0.006230004,24694.7775,24979.382,24085.84242,2025-09,"(0.288, 0.641]",0%,10%,26104.2,24533.2
04-09-2025,24980.75,24980.75,24708.2,24734.3,314094160,30252.19,0.077887765,0.006192378,24699.015,24973.181,24089.10101,2025-09,"(-0.0656, 0.288]",1%,10%,26104.2,24587.7
05-09-2025,24818.85,24832.35,24621.6,24741,210071924,18530.24,0.02708789,0.006145076,24707.355,24963.106,24092.3605,2025-09,"(-0.0656, 0.288]",0%,10%,26104.2,24587.7
08-09-2025,24802.6,24885.5,24751.55,24773.15,213228202,20122.88,0.129946243,0.006147615,24716.205,24947.589,24098.95725,2025-09,"(-0.0656, 0.288]",0%,10%,26104.2,24587.7
09-09-2025,24864.1,24891.8,24814,24868.6,226919775,22356.88,0.385296178,0.005732596,24741.47,24932.205,24105.70775,2025-09,"(0.288, 0.641]",0%,10%,26104.2,24587.7
10-09-2025,24991,25035.7,24915.05,24973.1,244146466,22458.98,0.420208616,0.005468672,24760.8725,24921.326,24113.82375,2025-09,"(0.288, 0.641]",0%,10%,26104.2,24587.7
11-09-2025,24945.5,25037.3,24940.15,25005.5,224570983,21316.72,0.1297396,0.005352494,24786.7775,24910.6,24119.315,2025-09,"(-0.0656, 0.288]",0%,10%,26104.2,24587.7
12-09-2025,25074.45,25139.45,25038.05,25114,225739766,21335.67,0.433904541,0.005312835,24811.51,24903.812,24123.7755,2025-09,"(0.288, 0.641]",0%,10%,26104.2,24587.7
15-09-2025,25118.9,25138.45,25048.75,25069.2,185375759,17115.6,-0.178386557,0.005348707,24833.405,24897.09,24128.149,2025-09,"(-0.419, -0.0656]",0%,10%,26104.2,24587.7
16-09-2025,25073.6,25261.4,25070.45,25239.1,240122320,22642.86,0.67772406,0.005105434,24851.5125,24892.652,24132.97,2025-09,"(0.641, 0.994]",-1%,10%,26104.2,24587.7
17-09-2025,25276.6,25346.5,25275.35,25330.25,268936695,23484.12,0.361146,0.005087205,24868.9925,24890.031,24140.0505,2025-09,"(0.288, 0.641]",0%,10%,26104.2,24587.7
18-09-2025,25441.05,25448.55,25329.75,25423.6,272193683,24198.11,0.368531696,0.00511021,24887.645,24888.053,24146.513,2025-09,"(0.288, 0.641]",0%,10%,26104.2,24587.7
19-09-2025,25410.2,25431.4,25286.3,25327.05,380362832,38805.58,-0.379765257,0.00520742,24899.81,24885.072,24151.768,2025-09,"(-0.419, -0.0656]",0%,10%,26104.2,24587.7
22-09-2025,25238.1,25331.7,25151.05,25202.35,254509892,25277.82,-0.49235896,0.004934909,24916.4225,24882.014,24155.494,2025-09,"(-0.772, -0.419]",0%,10%,26104.2,24587.7
23-09-2025,25209,25261.9,25084.65,25169.5,299204338,31435.17,-0.130344988,0.004891948,24926.51,24882.407,24159.00425,2025-09,"(-0.419, -0.0656]",0%,10%,26104.2,24587.7
24-09-2025,25108.75,25149.85,25027.45,25056.9,244382281,22310.05,-0.447366853,0.004373281,24943.7525,24881.899,24160.74675,2025-09,"(-0.772, -0.419]",0%,10%,26104.2,24587.7
25-09-2025,25034.5,25092.7,24878.3,24890.85,342534768,32715.91,-0.662691714,0.004176489,24963.25,24875.8,24161.812,2025-09,"(-0.772, -0.419]",1%,10%,26104.2,24587.7
26-09-2025,24818.55,24868.6,24629.45,24654.7,291537949,29987.93,-0.948742208,0.00470456,24974.6425,24864.653,24161.9905,2025-09,"(-1.125, -0.772]",1%,10%,26104.2,24587.7
29-09-2025,24728.55,24791.3,24606.2,24634.9,394388242,40004.93,-0.080309231,0.004351801,24975.135,24855.122,24162.11475,2025-09,"(-0.419, -0.0656]",0%,10%,26104.2,24587.7
30-09-2025,24691.95,24731.8,24587.7,24611.1,304924720,29285.11,-0.096610906,0.004336276,24976.71,24847.976,24161.96125,2025-09,"(-0.419, -0.0656]",0%,10%,26104.2,24587.7
01-10-2025,24620.55,24867.95,24605.95,24836.3,308135228,29041.17,0.915034273,0.004642085,24982.7725,24842.888,24163.39925,2025-10,"(0.641, 0.994]",-1%,10%,26104.2,24605.95
03-10-2025,24759.55,24904.8,24747.55,24894.25,366929642,31409.06,0.233327831,0.004664278,24990.77,24839.555,24164.029,2025-10,"(-0.0656, 0.288]",-1%,10%,26104.2,24747.55
06-10-2025,24916.55,25095.95,24881.65,25077.65,271953070,25160.76,0.73671631,0.004922111,25007.6025,24836.71,24166.076,2025-10,"(0.641, 0.994]",-1%,10%,26104.2,24881.65
07-10-2025,25085.3,25220.9,25076.3,25108.3,286833765,26176.23,0.122220383,0.004921636,25024.36,24837.634,24169.9375,2025-10,"(-0.0656, 0.288]",0%,10%,26104.2,25008.5
08-10-2025,25079.75,25192.5,25008.5,25046.15,225967495,21701.19,-0.24752771,0.004910565,25033.2375,24841.817,24174.174,2025-10,"(-0.419, -0.0656]",0%,10%,26104.2,25008.5
09-10-2025,25074.3,25199.25,25024.3,25181.8,286253252,22617.86,0.541600206,0.00496763,25043.6725,24851.835,24180.3245,2025-10,"(0.288, 0.641]",0%,10%,26104.2,25024.3
10-10-2025,25167.65,25330.75,25156.85,25285.35,232943306,21749.23,0.411209683,0.005033,25057.665,24861.12,24188.81375,2025-10,"(0.288, 0.641]",0%,10%,26104.2,25060.55
13-10-2025,25177.3,25267.3,25152.3,25227.35,234285202,20806.83,-0.229381836,0.004989826,25063.3325,24868.566,24196.18325,2025-10,"(-0.419, -0.0656]",0%,10%,26104.2,25060.55
14-10-2025,25277.55,25310.35,25060.55,25145.5,292129083,24151.97,-0.324449457,0.005031475,25067.1475,24876.109,24203.2725,2025-10,"(-0.419, -0.0656]",1%,10%,26104.2,25060.55
15-10-2025,25181.95,25365.15,25159.35,25323.55,289930172,25202.02,0.70807898,0.005052886,25071.37,24891.273,24211.13925,2025-10,"(0.641, 0.994]",-1%,10%,26104.2,25159.35
16-10-2025,25394.9,25625.4,25376.85,25585.3,372777021,32008.64,1.033622853,0.005497491,25084.1225,24908.524,24219.99875,2025-10,"(0.994, 1.347]",-1%,10%,26104.2,25318.45
17-10-2025,25546.85,25781.5,25508.6,25709.85,422055809,35106.96,0.486802969,0.005539584,25098.435,24929.73,24230.3235,2025-10,"(0.288, 0.641]",-1%,10%,26104.2,25318.45
20-10-2025,25824.6,25926.2,25788.5,25843.15,301133193,29637.12,0.518478326,0.005530571,25124.24,24955.109,24241.31525,2025-10,"(0.288, 0.641]",0%,10%,26104.2,25318.45
21-10-2025,25901.2,25934.35,25825.8,25868.6,42477128,3831.1,0.098478707,0.005351062,25157.5525,24980.558,24251.94375,2025-10,"(-0.0656, 0.288]",0%,10%,26104.2,25318.45
23-10-2025,26057.2,26104.2,25862.45,25891.4,448404894,41777.68,0.088137742,0.005316898,25193.6475,25011.12,24260.4575,2025-10,"(-0.0656, 0.288]",1%,10%,26104.2,25318.45
24-10-2025,25935.1,25944.15,25718.2,25795.15,284913477,23527.98,-0.371745058,0.005275243,25230.56,25035.322,24269.4095,2025-10,"(-0.419, -0.0656]",1%,10%,26097.85,25318.45
27-10-2025,25843.2,26005.95,25827,25966.05,266337274,23989.06,0.662527646,0.005031867,25284.32,25064.895,24281.1595,2025-10,"(0.641, 0.994]",0%,10%,26097.85,25318.45
28-10-2025,25939.95,26041.7,25810.05,25936.2,395231207,37023.32,-0.114957801,0.004312835,25348.395,25091.232,24292.301,2025-10,"(-0.419, -0.0656]",0%,10%,26097.85,25318.45
29-10-2025,25982,26097.85,25960.3,26053.9,321880610,26309.32,0.453805877,0.004259601,25419.345,25119.684,24304.12575,2025-10,"(0.288, 0.641]",0%,10%,26097.85,25318.45
30-10-2025,25984.4,26032.05,25845.25,25877.85,257373001,24180.46,-0.675714576,0.004703668,25482.6825,25139.702,24315.8825,2025-10,"(-0.772, -0.419]",0%,10%,26032.05,25318.45
31-10-2025,25863.8,25953.75,25711.2,25722.1,334384400,28788.4,-0.601866075,0.004800783,25526.9725,25154.531,24327.3355,2025-10,"(-0.772, -0.419]",1%,10%,26010.7,25318.45
03-11-2025,25696.85,25803.1,25645.5,25763.35,275858501,23949.88,0.160367933,0.004799006,25570.4275,25168.787,24340.7225,2025-11,"(-0.0656, 0.288]",0%,10%,26010.7,25318.45
04-11-2025,25744.75,25787.4,25578.4,25597.65,305143084,29307.41,-0.643161701,0.004935602,25596.4275,25179.065,24352.8305,2025-11,"(-0.772, -0.419]",1%,10%,26010.7,25318.45
06-11-2025,25593.35,25679.15,25491.55,25509.7,371852417,36129.62,-0.343586228,0.005035361,25616.4975,25191.857,24364.313,2025-11,"(-0.419, -0.0656]",0%,10%,26010.7,25318.45
07-11-2025,25433.8,25551.25,25318.45,25492.3,305606393,35487,-0.068209348,0.004989629,25638.805,25202.348,24375.2155,2025-11,"(-0.419, -0.0656]",0%,10%,26010.7,25318.45
10-11-2025,25503.5,25653.45,25503.5,25574.35,243592948,25023.65,0.321861896,0.004908371,25658.4325,25219.594,24387.07125,2025-11,"(0.288, 0.641]",0%,10%,26010.7,25449.25
11-11-2025,25617,25715.8,25449.25,25694.95,297714069,28285.51,0.471566237,0.004931702,25678.9125,25243.475,24398.82225,2025-11,"(0.288, 0.641]",0%,10%,26010.7,25449.25
12-11-2025,25834.3,25934.55,25781.15,25875.8,343864299,30633.19,0.7038348,0.005061811,25711.335,25272.454,24413.078,2025-11,"(0.641, 0.994]",0%,10%,26010.7,25740.8
13-11-2025,25906.1,26010.7,25808.4,25879.15,385170023,30145.74,0.01294646,0.004958179,25748.0175,25297.536,24426.697,2025-11,"(-0.0656, 0.288]",0%,10%,26010.7,25740.8
14-11-2025,25767.9,25940.2,25740.8,25910.05,518943416,33121.81,0.11940114,0.004777809,25777.3425,25324.145,24440.2205,2025-11,"(-0.0656, 0.288]",-1%,10%,25940.2,25740.8
